{
  "vendorId": "0x1981",
  "productId":"0x0808",
  "lighting": "vialrgb",
  "matrix": {
      "rows": 12,
      "cols": 6
  },
  "layouts": {
      "keymap":
      [
        [
          {
            "x": 3.5
          },
          "0,3",
          {
            "x": 9.5
          },
          "6,3"
        ],
        [
          {
            "y": -0.87,
            "x": 2.5
          },
          "0,2",
          {
            "x": 1
          },
          "0,4",
          {
            "x": 7.5
          },
          "6,4",
          {
            "x": 1
          },
          "6,2"
        ],
        [
          {
            "y": -0.88,
            "x": 5.5
          },
          "0,5",
          {
            "x": 5.5
          },
          "6,5"
        ],
        [
          {
            "y": -0.75,
            "x": 0.5
          },
          "0,0",
          "0,1",
          {
            "x": 13.5
          },
          "6,1",
          "6,0"
        ],
        [
          {
            "y": -0.5,
            "x": 3.5
          },
          "1,3",
          {
            "x": 9.5
          },
          "7,3"
        ],
        [
          {
            "y": -0.8700000000000001,
            "x": 2.5
          },
          "1,2",
          {
            "x": 1
          },
          "1,4",
          {
            "x": 7.5
          },
          "7,4",
          {
            "x": 1
          },
          "7,2"
        ],
        [
          {
            "y": -0.8799999999999999,
            "x": 5.5
          },
          "1,5",
          {
            "x": 5.5
          },
          "7,5"
        ],
        [
          {
            "y": -0.75,
            "x": 0.5
          },
          "1,0",
          "1,1",
          {
            "x": 4
          },
          "0,1\n\n\n\n\n\n\n\n\ne",
          {
            "x": 3.5
          },
          "1,1\n\n\n\n\n\n\n\n\ne",
          {
            "x": 4
          },
          "7,1",
          "7,0"
        ],
        [
          {
            "y": -0.5,
            "x": 3.5
          },
          "2,3",
          {
            "x": 9.5
          },
          "8,3"
        ],
        [
          {
            "y": -0.8700000000000001,
            "x": 2.5
          },
          "2,2",
          {
            "x": 1
          },
          "2,4",
          {
            "x": 7.5
          },
          "8,4",
          {
            "x": 1
          },
          "8,2"
        ],
        [
          {
            "y": -0.8799999999999999,
            "x": 5.5
          },
          "2,5",
          {
            "x": 5.5
          },
          "8,5"
        ],
        [
          {
            "y": -0.75,
            "x": 0.25,
            "w": 1.25
          },
          "2,0",
          "2,1",
          {
            "x": 4
          },
          "0,0\n\n\n\n\n\n\n\n\ne",
          {
            "x": 3.5
          },
          "1,0\n\n\n\n\n\n\n\n\ne",
          {
            "x": 4
          },
          "8,1",
          {
            "w": 1.25
          },
          "8,0"
        ],
        [
          {
            "y": -0.5,
            "x": 3.5
          },
          "3,3",
          {
            "x": 9.5
          },
          "9,3"
        ],
        [
          {
            "y": -0.8700000000000001,
            "x": 2.5
          },
          "3,2",
          {
            "x": 1
          },
          "3,4",
          {
            "x": 7.5
          },
          "9,4",
          {
            "x": 1
          },
          "9,2"
        ],
        [
          {
            "y": -0.8799999999999999,
            "x": 5.5
          },
          "3,5",
          {
            "x": 5.5
          },
          "9,5"
        ],
        [
          {
            "y": -0.75,
            "w": 1.5
          },
          "3,0",
          "3,1",
          {
            "x": 13.5
          },
          "9,1",
          {
            "w": 1.5
          },
          "9,0"
        ],
        [
          {
            "x": 3.1,
            "w": 0.75,
            "h": 0.75
          },
          "5,0",
          {
            "x": 10.8,
            "w": 0.75,
            "h": 0.75
          },
          "11,0"
        ],
        [
          {
            "y": -0.25,
            "x": 3
          },
          "5,4",
          {
            "x": 10.5
          },
          "11,4"
        ],
        [
          {
            "y": -0.8499999999999996,
            "x": 2.25,
            "w": 0.75,
            "h": 0.75
          },
          "5,1",
          {
            "x": 1,
            "w": 0.75,
            "h": 0.75
          },
          "5,3",
          {
            "x": 9,
            "w": 0.75,
            "h": 0.75
          },
          "11,1",
          {
            "x": 1,
            "w": 0.75,
            "h": 0.75
          },
          "11,3"
        ],
        [
          {
            "y": -0.15000000000000036,
            "x": 3.1,
            "w": 0.75,
            "h": 0.75
          },
          "5,2",
          {
            "x": 10.8,
            "w": 0.75,
            "h": 0.75
          },
          "11,2"
        ],
        [
          {
            "r": 5,
            "rx": 4.6,
            "ry": 5.3,
            "y": -1.0499999999999998,
            "x": -0.09999999999999964
          },
          "4,2"
        ],
        [
          {
            "r": 22,
            "rx": 5.5,
            "ry": 5.4,
            "y": -1,
            "x": -0.04999999999999982
          },
          "4,3"
        ],
        [
          {
            "r": 30,
            "rx": 6.75,
            "ry": 4.8,
            "y": -1.0499999999999998,
            "x": -0.4500000000000002
          },
          "4,5"
        ],
        [
          {
            "r": 45,
            "rx": 6.5,
            "ry": 5.8,
            "y": -0.9500000000000002,
            "x": -0.17999999999999972
          },
          "4,4"
        ],
        [
          {
            "r": -45,
            "rx": 12.1,
            "y": -0.9500000000000002,
            "x": -1
          },
          "10,4"
        ],
        [
          {
            "r": -28,
            "rx": 11.1,
            "ry": 5.9,
            "y": -1.6500000000000004,
            "x": 0.4499999999999993
          },
          "10,5"
        ],
        [
          {
            "r": -24,
            "rx": 13.2,
            "ry": 5.4,
            "y": -1.0999999999999996,
            "x": -1.1500000000000004
          },
          "10,3"
        ],
        [
          {
            "r": -5,
            "rx": 14,
            "ry": 5.5,
            "y": -1.25,
            "x": -1
          },
          "10,2"
        ]
     ]
  }
}
