{
  "vendorId": "0x1981",
  "productId":"0x0808",
  "lighting": "vialrgb",
  "matrix": {
      "rows": 12,
      "cols": 6
  },
  "layouts": {
      "keymap":
      [  
        [
          {
            "x": 3.5
          },
          "0,3",
          {
            "x": 9.5
          },
          "6,3"
        ],
        [
          {
            "y": -0.87,
            "x": 2.5
          },
          "0,2",
          {
            "x": 1
          },
          "0,4",
          {
            "x": 7.5
          },
          "6,4",
          {
            "x": 1
          },
          "6,2"
        ],
        [
          {
            "y": -0.88,
            "x": 5.5
          },
          "0,5",
          {
            "x": 5.5
          },
          "6,5"
        ],
        [
          {
            "y": -0.62,
            "x": 0.5,
            "c": "#aaaaaa"
          },
          "0,0",
          {
            "c": "#cccccc"
          },
          "0,1",
          {
            "x": 13.5
          },
          "6,1",
          {
            "c": "#aaaaaa"
          },
          "6,0"
        ],
        [
          {
            "y": -0.63,
            "x": 3.5,
            "c": "#cccccc"
          },
          "1,3",
          {
            "x": 9.5
          },
          "7,3"
        ],
        [
          {
            "y": -0.8700000000000001,
            "x": 2.5
          },
          "1,2",
          {
            "x": 1
          },
          "1,4",
          {
            "x": 7.5
          },
          "7,4",
          {
            "x": 1
          },
          "7,2"
        ],
        [
          {
            "y": -0.8799999999999999,
            "x": 5.5
          },
          "1,5",
          {
            "x": 5.5
          },
          "7,5"
        ],
        [
          {
            "y": -0.6200000000000001,
            "x": 0.5,
            "c": "#aaaaaa"
          },
          "1,0",
          {
            "c": "#cccccc"
          },
          "1,1",
          {
            "x": 13.5
          },
          "7,1",
          {
            "c": "#aaaaaa"
          },
          "7,0"
        ],
        [
          {
            "y": -0.6299999999999999,
            "x": 3.5,
            "c": "#cccccc"
          },
          "2,3",
          {
            "x": 9.5
          },
          "8,3"
        ],
        [
          {
            "y": -0.8700000000000001,
            "x": 2.5
          },
          "2,2",
          {
            "x": 1
          },
          "2,4",
          {
            "x": 7.5
          },
          "8,4",
          {
            "x": 1
          },
          "8,2"
        ],
        [
          {
            "y": -0.8799999999999999,
            "x": 5.5
          },
          "2,5",
          {
            "x": 5.5
          },
          "8,5"
        ],
        [
          {
            "y": -0.6200000000000001,
            "x": 0.25,
            "c": "#aaaaaa",
            "w": 1.25
          },
          "2,0",
          {
            "c": "#cccccc"
          },
          "2,1",
          {
            "x": 13.5
          },
          "8,1",
          {
            "c": "#aaaaaa",
            "w": 1.25
          },
          "8,0"
        ],
        [
          {
            "y": -0.6299999999999999,
            "x": 3.5,
            "c": "#cccccc"
          },
          "3,3",
          {
            "x": 9.5
          },
          "9,3"
        ],
        [
          {
            "y": -0.8700000000000001,
            "x": 2.5
          },
          "3,2",
          {
            "x": 1
          },
          "3,4",
          {
            "x": 7.5
          },
          "9,4",
          {
            "x": 1
          },
          "9,2"
        ],
        [
          {
            "y": -0.8799999999999999,
            "x": 5.5
          },
          "3,5",
          {
            "x": 5.5
          },
          "9,5"
        ],
        [
          {
            "y": -0.6200000000000001,
            "c": "#aaaaaa",
            "w": 1.5
          },
          "3,0",
          {
            "c": "#cccccc"
          },
          "3,1",
          {
            "x": 13.5
          },
          "9,1",
          {
            "c": "#aaaaaa",
            "w": 1.5
          },
          "9,0"
        ],
        [
          {
            "y": -0.5099999999999998,
            "x": 2.8,
            "c": "#777777",
            "w": 0.7,
            "h": 0.7
          },
          "0,0\n\n\n\n\n\n\n\n\ne",
          {
            "x": 11.5,
            "w": 0.7,
            "h": 0.7
          },
          "1,0\n\n\n\n\n\n\n\n\ne"
        ],
        [
          {
            "y": -0.75,
            "x": 3.5
          },
          "4,1",
          "4,2",
          {
            "x": 7.5
          },
          "10,2",
          "10,1"
        ],
        [
          {
            "y": -0.5,
            "x": 2.8,
            "w": 0.7,
            "h": 0.7
          },
          "0,1\n\n\n\n\n\n\n\n\ne",
          {
            "x": 11.5,
            "w": 0.7,
            "h": 0.7
          },
          "1,1\n\n\n\n\n\n\n\n\ne"
        ],
        [
          {
            "r": 10,
            "rx": 5.6,
            "ry": 5.4,
            "y": -1,
            "x": -0.09999999999999964
          },
          "4,3"
        ],
        [
          {
            "r": 17,
            "rx": 6.6,
            "ry": 5.6,
            "y": -1,
            "x": -0.09999999999999964
          },
          "4,4"
        ],
        [
          {
            "r": 28,
            "rx": 7.6,
            "ry": 5.9,
            "y": -0.9500000000000002,
            "x": -0.15000000000000036
          },
          "4,5"
        ],
        [
          {
            "r": -28,
            "rx": 11.1,
            "y": -1.0499999999999998,
            "x": -1.0500000000000007
          },
          "10,5"
        ],
        [
          {
            "r": -17,
            "rx": 12,
            "ry": 5.6,
            "y": -1.0499999999999998,
            "x": -1
          },
          "10,4"
        ],
        [
          {
            "r": -10,
            "rx": 13.1,
            "ry": 5.45,
            "y": -1.1000000000000005,
            "x": -1.0999999999999996
          },
          "10,3"
        ]      
     ]
  }
}
